Team,Matches,Total_Runs,Highest_Run_Player,Highest_Wicket_Player,Total_Wickets,Total_Fours,Total_Sixes,Avg_Team_Score,Wins,Win_Percentage,Highest_Team_Score,Centuries,Fifties,Five_Wicket_Hauls,Hat_Tricks,Lowest_Team_Score
RCB,16,3057,Virat Kohli,Bhuvneshwar Kumar,105,261,164,191.06,11,68.75,254,1,18,0,0,75
GT,17,3094,Shubman Gill,Kagiso Rabada,123,292,124,182,10,58.82,233,2,22,0,0,100
RR,16,3076,Vaibhav Sooryavanshi,Jofra Archer,105,256,181,192.25,9,56.25,243,1,18,0,0,128
SRH,15,3050,Heinrich Klaasen,Eshan Malinga,95,255,171,203.33,9,60,255,1,19,0,0,86
PBKS,14,2711,Prabhsimran Singh,Arshdeep Singh,67,219,163,193.64,7,50,265,2,19,0,0,101
DC,14,2559,KL Rahul,Kuldeep Yadav,70,225,117,182.79,7,50,264,1,16,0,0,75
CSK,14,2530,Sanju Samson,Anshul Kamboj,82,220,124,180.71,6,42.86,229,2,9,0,0,127
KKR,14,2309,Angkrish Raghuvanshi,Kartik Tyagi,87,191,115,164.93,6,42.86,226,1,12,0,0,116
MI,14,2553,Suryakumar Yadav,Jasprit Bumrah,75,204,140,182.36,4,28.57,224,3,11,0,0,104
LSG,14,2511,Mitchell Marsh,Prince Yadav,26,209,127,179.36,4,28.57,224,1,10,1,0,97
